date,Sitarganj,Khatima,Rudrapur,Kashipur,Pilibhit,Bazpur,Nainital,Haldwani,Jaspur,Pantnagar,Nanakmatta
01-01-2025,16.475431781557987,43.653545825188125,13.540406691221685,23.359135871165698,2.3843305041866936,33.232821803435,4.653846944672352,24.358942625081685,11.169523991414188,18.798283717110305,39.09224533882626
02-01-2025,2.137667098550744,26.168967384146768,4.3522670659465525,29.23229086514954,4.302354045942031,41.51852859893238,46.74464523795447,42.81162496400722,19.839324886092395,45.81555012557331,5.926567718670839
03-01-2025,44.59845483409233,34.71650732043216,11.713798087028959,46.91960325587706,25.751519323560306,26.848178198550816,23.917156156912316,30.477233332429826,16.773261408171486,26.498948751016577,40.555644887082885
04-01-2025,22.81553785097759,44.80376695940414,46.80040914715452,23.74855088090704,34.144455108124575,26.122670234676775,39.23026190197438,28.59903027016783,49.2092785055519,15.112206874271077,1.2790338624938613
05-01-2025,37.117507370478414,46.91249349947286,40.20660015436345,39.47630730615292,42.53739089268885,43.08099929610466,47.2341133515379,34.81694068621701,38.86832258423994,34.21113036227958,20.196879682575965
06-01-2025,29.635379461913246,35.740681172508836,30.619449985404906,36.26273244555544,2.4172571331737336,34.28985463680993,16.327322782539326,4.320809030168032,41.67885551717363,8.629770269982545,47.93958647081595
07-01-2025,40.16019399151747,23.238169929928727,21.032299816446365,49.00411364672761,47.149474432091864,42.0873126530453,31.835080938385595,40.74278908556771,7.007537030386285,15.802334254978373,33.66945532919981
08-01-2025,46.986853169226684,20.70305990572539,36.35090370254168,10.873118169743861,47.36968041760578,20.393005512691776,39.7999788785755,19.537394262841552,37.50328204820993,36.40200525640944,26.934640341103144
09-01-2025,7.651923991116972,23.846744122742457,17.50724747793862,5.098005682078527,47.589886403119685,45.00216516950804,25.20279287281969,35.37399187903853,17.480687056145584,13.363365166444135,44.674260059537026
10-01-2025,33.244876574239505,4.638485159946182,30.149756105190384,33.160769474051754,11.593815135389839,18.505552330941715,39.465534736203665,25.188937616527284,21.886432485897167,29.73217793721753,23.503018615047782
11-01-2025,6.290114724764429,42.753420623292655,41.15673826885005,11.519293944865726,44.91195634974449,32.92481933309727,16.083328040528063,38.86388981253933,25.846455445245137,46.100990707990924,12.71657413125024
12-01-2025,36.58036219723479,33.99493683255625,38.161152042685515,24.33453098656147,34.52356579950903,47.344086335252825,46.057601475519235,1.8741449401748433,21.254598787418207,14.066520882019379,31.958407852718295
13-01-2025,37.543271748398745,39.19964482465102,29.840627668774587,47.505714273678095,33.63930182816263,27.00595393825667,6.455722012616155,5.817409320661909,2.9185373864095974,13.11646244365267,40.991543992564786
14-01-2025,20.984036684624062,35.220579256030796,8.00235081584923,22.763414221906668,12.509010349816895,23.96841498852012,6.738729521234904,16.931291931758295,36.628125806969216,44.90113076052812,37.59822613530048
15-01-2025,40.66801186502762,33.78884878482,46.45162482876295,11.068955133713276,3.2935196634317707,16.972443562499322,48.24757833201256,37.46386631310198,30.146997456085423,30.45059752485185,11.29013533515626
16-01-2025,21.189699864976053,17.95437282220232,34.421497785634486,3.450505279308186,2.4372751236234613,41.81156838137911,33.29435864687583,19.599554941362424,39.17084109720927,38.292744010849276,20.310026081430653
17-01-2025,21.78723776457668,28.374586292791683,21.443477987363696,7.764867536374892,19.25494800240942,37.33250241619656,41.21626968760932,6.084004261433651,45.58044762025798,22.59027092056932,44.31438750828298
18-01-2025,22.384775664177305,38.79479976338106,31.55147358257026,47.185910083915914,33.48114168441631,34.121055157861605,24.838055067038333,4.803549039382727,37.92776444310357,46.58201642078348,39.668639700936325
19-01-2025,22.375552616247855,49.849109982871994,45.73121821449469,26.34162515585272,10.39060001808858,22.866651392764492,25.745255641782595,10.01963900318707,25.748430531361365,3.3869921154006164,35.022891893589666
20-01-2025,20.545717023432335,26.66773650636976,38.27783747501453,16.78536058931878,17.2040295960111,21.361663040556888,49.74956202287441,15.235728966991413,2.287764942255638,3.2889581812930615,14.475941960716321
21-01-2025,0.13265051782635484,32.163175138834724,12.938072219386248,14.679518721249202,9.745614972766848,38.32179359110472,3.194457671814793,43.29510690231072,13.6913587324341,2.0989893079911393,26.949880508416165
22-01-2025,4.0690664845086655,24.06007614053688,43.40151866013167,33.57883582790254,40.51579264334168,8.291367746003331,38.55657915441322,46.73156789971162,7.376000654492454,0.9090204346892172,30.509450302199276
23-01-2025,23.600063618860155,14.188493592596485,0.5357825345621459,5.6140683527244555,27.329924455569778,45.20851078613101,14.67917845488939,9.900954848055877,12.420802119096836,1.294214399861937,22.327933892591183
24-01-2025,34.155836478591425,32.50793038011405,44.519634577612024,33.42115643844185,32.192126588905765,15.530111071975645,19.515196297969357,28.886236783976717,25.108626358941233,1.679408365034657,16.163269872486353
25-01-2025,44.711609338322695,28.781052024485493,41.674581636888334,13.537450370902476,30.877733428053922,28.86532567789922,24.351214141049315,10.730441897421155,19.999724202664982,12.221209613483008,20.63494423841954
26-01-2025,46.15786953665213,41.3985454075777,15.833474861632219,0.9785835852054281,19.3653330433878,7.833754217007311,5.968619638328299,42.65788748480801,10.777968226829671,10.14803046300235,14.077756136821954
27-01-2025,13.434934406884015,10.511240146271572,38.51916941115768,26.00732097013005,7.852932658721673,14.888062052112511,3.2727124686210085,43.84719989636317,47.885331149657304,0.8359473373719617,7.520568035224367
28-01-2025,17.555306143990506,5.25266511910848,24.869132754064733,15.250689344935886,46.745685012924234,8.650876709981025,34.95136071251935,19.675564788483403,15.321825499907648,33.905469373961466,3.8216216955779982
29-01-2025,40.659982771911594,47.65502435195476,9.083560368767118,35.215274086733864,13.06141025469687,13.863812801073532,10.733844261504588,11.34270258499373,27.374686381589164,1.565342084480792,21.83841787147429
30-01-2025,25.599906403551,44.09962170922987,20.151668979327837,35.215274086733864,5.033764995655293,24.194346676866495,42.99688539138881,5.261749155731238,6.800379946314161,1.4977866539894609,39.85521404737059
31-01-2025,28.169384864560765,33.018804531699125,25.245029980847615,45.89605132072133,46.45276972617406,26.699888964521058,14.867925823439549,47.94372629895827,5.664036141771829,1.4302312234981296,16.892410667886153
01-02-2025,0.4130819692166998,3.244102158189144,18.54575612334706,45.89605132072133,33.257056270447656,15.380146011599749,40.52699287901017,28.134651965372527,4.527692337229511,17.372460362119863,9.723388552908052
02-02-2025,27.915199308983734,13.271423284739663,29.473580081911443,10.56502257381321,22.022759325178697,29.430679443297837,30.091326713343225,19.62416193707049,29.720517841344357,33.31468950074159,4.131174640616453
03-02-2025,41.476802860630606,29.431566403779392,33.398713349988085,42.01243581831615,39.23545931330907,38.71821258025241,45.74696755709638,38.13274957715696,27.705894704267298,34.24003587859593,7.105796047120511
04-02-2025,49.66534092175356,46.90859883475482,10.830613624673196,9.935632867924138,27.281355629905534,40.067018897653156,4.821773950022634,11.89101855397528,42.81210128645338,42.848994612339965,23.930662548010467
05-02-2025,39.831361481460156,49.96388401738917,28.398772010516314,42.41880813593289,3.9357833659106554,22.097507111712243,43.10171671839241,48.40582534367029,7.579808269108856,28.28278842738468,12.586092131818283
06-02-2025,17.308821200787115,41.8664791325171,35.69731296829081,39.81263757572307,4.365962672957719,15.315291107961054,31.66140543072155,8.395834688787545,34.939384155501244,28.621134024805695,48.75498003817487
07-02-2025,0.05929271607214015,44.576596560550904,23.686098410446604,33.096981895493265,5.083650293225917,29.63505128322204,33.399067096495656,24.611122670333586,17.414381401024016,36.54698070592496,33.378091978922185
08-02-2025,42.91758915600488,33.74748875291019,5.914498114919365,3.014126218204216,38.09545935555059,23.630499854467068,35.13672876226976,33.270729884245924,21.478443917341274,41.52719737775341,6.603058388559024
09-02-2025,36.51148031817279,18.665446965873823,29.685525236462663,26.554520564624756,21.108932733738385,28.901204851680966,35.02006722214565,25.733449909013252,45.625737984997414,12.889180925909388,33.2954953052087
10-02-2025,30.105371480340708,12.038650128330277,41.61220681415435,40.39772295773477,10.509908687798813,38.04139156156526,5.168762562482976,27.080355262577903,19.30958500601002,12.793945569688647,27.657876472189464
11-02-2025,24.01740853773099,5.411853290786745,32.16137508403858,5.375085449282513,20.722816362816378,47.18157827144956,17.04531236667166,7.144098262912523,9.543239446063073,30.998142924482885,32.46422443521153
12-02-2025,25.352331894024328,12.632398150099721,31.053278238761767,9.34212843875543,20.433420371370676,32.58262020715084,45.0349664747013,25.520139840798382,36.93815745726942,19.454489205670804,21.53982231889449
13-02-2025,14.567046831219182,30.441884780698807,3.213026500986632,46.59504940789547,10.60394427918452,42.88978747902591,22.670494408878167,43.10917151547352,48.30067773324241,21.87994099479753,26.800048138703175
14-02-2025,29.633052126311632,36.64638330179986,9.97597771497653,34.41351367903459,0.7744681869983561,12.578181552529955,45.77244903044853,21.115790385697213,22.83663632685522,12.50338908125956,5.2432542657139924
15-02-2025,0.2077357174958827,7.745483675114667,25.556532564047213,34.50970901498644,12.288782997262093,30.48243705535673,37.659661899562224,34.695908856710325,35.52011272194696,3.1268371677215914,20.714895599872186
16-02-2025,22.936375004185983,7.5091990326976195,30.488836900614885,30.889510916239765,4.601051129281597,40.14562824682543,35.25838878945833,11.148866436656512,47.88344877998054,19.81252253555225,43.36068555648935
17-02-2025,49.161328547496566,7.272914390280594,31.59851677309607,43.67521298054599,22.245428592076948,33.95469982989461,45.79685382383706,16.40635387200124,9.945551569075855,40.52450299986734,14.054522494877325
18-02-2025,26.16836771177164,42.70598464831938,44.32004177322497,48.53578768074923,11.386005345708734,30.12338883181311,45.557678669702454,18.54172035138355,17.508119151497723,43.61250162894545,36.10628954401829
19-02-2025,1.4118805275455004,44.81439317225811,24.778179931308575,30.89195246903003,35.32963143947485,39.14046227965134,6.789445227296664,13.304109795117203,1.3479191862816597,37.823387121610345,39.933176295032055
20-02-2025,26.436537177487185,7.394573718782615,17.888567818951685,32.18531212553564,36.120031046842456,37.860221111890496,13.137686917215131,46.45290821822232,6.937010624833756,36.721588391997685,1.1379974489317435
21-02-2025,12.768320264216115,6.733667567603191,42.4613246240467,28.036368327104334,2.5482000100836233,36.579979944129654,12.16366916578091,4.442588915231161,34.85303121927984,23.94056736016183,49.11370792010407
22-02-2025,30.013915988085305,9.84806227626448,30.094629519286816,2.10494179179318,0.05684352473728227,34.19672234239115,1.9204301326863515,18.709474687820066,1.7722604250177076,4.900859405506358,8.439235492370717
23-02-2025,31.995683839046237,45.54689649907206,14.064398298435366,31.386990832821994,25.94027232988107,23.354812726693524,3.2555688876975797,32.97636046040896,23.502097856915515,14.77521626992227,2.019964822276216
24-02-2025,7.000706382949168,16.599149179505705,1.2824178264114416,23.543884000534643,9.038707172635318,29.581917434165394,49.71436748441273,14.198843934579575,48.70596595017566,21.192938492391217,4.524040277449148
25-02-2025,48.19452108408892,45.715833287557324,38.26679317880791,26.08808519635622,49.40357865695535,36.40052129976348,15.579865380749347,45.70325474499521,35.45671118105928,27.610660714860163,14.37520867362792
26-02-2025,43.53046023012935,21.49845301274253,0.5953782818731546,15.362253346298282,49.864865211428636,43.219125165361575,29.31986837660138,4.798661329993125,21.612721854885926,20.500900051028214,3.8940349780289987
27-02-2025,28.47671822302356,10.286086731144268,36.810581123685324,0.35777586827936414,2.3721181181349857,14.71107761297456,6.960480199810698,40.38512658419594,48.01411644622331,12.017835432365025,31.47822321141608
28-02-2025,35.80231863910937,13.219842944406679,18.490660230617316,41.04640846720718,8.945743774349523,17.999575402642066,10.96310496521163,37.761625491151754,40.76368736986215,36.22396509608919,23.648165612733617
01-03-2025,10.143880438611607,22.02587773953641,28.222938737406587,25.605189757517934,35.74628974602821,40.104514734140565,12.701001205436457,43.33339010582458,48.19905673208897,14.86646187301231,22.509758483402265
02-03-2025,27.11112735136177,24.756853152103243,37.95521724419586,22.33596327071494,36.07247130175216,27.84319555790661,34.36480370440437,35.434958536636266,33.10917295884447,8.468444552399657,46.755333276143816
03-03-2025,34.146889686542956,26.36919598898789,42.50548182034318,23.599920357402514,3.801062048974263,15.58187638167266,36.647407402547714,26.89430968355446,12.759764250882554,2.25023416929947,7.219626887618613
04-03-2025,20.013005117637135,27.98153882587257,43.05888261349856,2.3602670163674286,8.228491983920971,31.453764371620213,35.59784783705395,17.538330623975227,31.228715808213636,33.2995722017078,30.62225163693679
05-03-2025,15.851182958083898,26.688203508300923,47.473905209205114,6.858875942089405,26.39158488486769,5.983496865220722,37.22504213735341,8.18235156439599,21.777598314025155,12.18737990901192,21.70239236851299
06-03-2025,16.436421742219803,25.39486819072931,3.136775273310466,11.357484867811374,39.46424763895223,41.411801421232205,18.337422619250106,26.031044912410117,12.326480819836693,33.44596834504574,41.255627288695706
07-03-2025,31.511466375393592,21.557252003083793,15.652222056316745,48.82041073541397,15.110894452719059,26.879841708653863,45.82042503516994,6.140682077165371,43.69710868948704,3.3703848885019094,24.422176730870365
08-03-2025,46.586511008567385,26.687986454823964,15.693833420909437,33.58287207669166,45.46238201010153,2.798978281065395,31.569866888164988,14.843956328881386,5.352105128635914,36.33919104094207,17.952178530083746
09-03-2025,47.05332280714959,25.607715819674116,35.09903206851163,17.424118338516525,45.56063205408207,24.284937192132244,17.144395784556803,13.526015216102898,43.54571952876913,31.281921294654797,5.712414217913242
10-03-2025,42.41876096595873,11.848873560008089,39.268598086704145,27.816671073532895,45.35899156931061,25.97243113851776,15.457474535338411,20.894611007331942,0.8134166507625773,6.802299249104876,25.335256552168385
11-03-2025,18.46771744361829,2.1747958454666536,24.05198113209258,31.24408649239321,43.982175948579254,10.335590803631456,12.820897846487112,35.65515204300246,44.24564122471325,46.077655481371664,0.9173480489631958
12-03-2025,29.00209100928621,20.20984786984212,8.835364177481003,34.67150191125351,42.25565952593716,14.686830213959013,26.015847969359257,12.039034776888208,25.29391842639515,2.971433592140549,4.7550047245373985
13-03-2025,49.81018795698508,16.11174410670434,25.97383719970417,14.320789269271561,41.28523701110704,2.090300780526949,9.602830080535302,30.193433693617326,19.324346488946382,44.45135111147824,1.8033948765266206
14-03-2025,43.53032828015428,3.217483831336143,32.17183702223035,26.58750769691508,41.034681298788854,35.72971039013461,0.7220659861409129,21.714649668015728,22.43582161105439,29.45306077266123,3.425658176152076
15-03-2025,40.725961419719845,33.73997804578827,16.260805763774755,38.854226124558586,7.504122213065184,28.366564717869135,17.725481776782026,26.46752833799752,44.08785003022351,46.54986718023244,5.047921475777539
16-03-2025,47.1791479275157,10.666314795972697,11.999290449429736,15.427061159360884,26.187385216446962,36.12053346293449,17.51692899644533,37.69412430215675,11.663799783785938,8.280129992511897,18.287171944351964
17-03-2025,7.423392137880991,27.710505161369035,7.737775135084712,8.832341525570298,44.87064821982873,25.082043862045015,13.272088019795497,48.86606938859238,14.861155275227144,45.79462848255127,22.617517447499772
18-03-2025,5.175213735670398,37.08065014497785,3.6302444968003336,12.706146177970219,0.8643264073703971,5.372631499511771,9.498955497721113,36.108656755789426,8.585807681956975,21.128002203103573,26.94786295064759
19-03-2025,44.167054652183786,23.13659282369364,38.21820854688269,6.9611372282409265,42.33673731700324,46.10884849211333,16.11434769684242,27.83669248646698,14.117496645944449,46.39100049206476,48.813751153169136
20-03-2025,26.61390325389949,17.385207180347862,4.06624163627527,12.755773467606957,47.06221533293604,21.52110056930984,24.445404347540713,36.49071295649026,12.383359318757565,42.32751315432034,41.91439125472004
21-03-2025,30.040430904915493,10.484213745237831,34.84751612064576,15.446712066113555,44.78461019008542,27.673916423666597,32.77646099823902,46.77333365156832,49.46094210399149,2.3619871775198753,35.01503135627095
22-03-2025,2.31138730697063,44.64718584547776,28.20092143393397,24.30900992182714,3.638724147969019,33.82673227802336,22.245337624616578,1.3717500313278952,15.589357369887047,13.65380623139741,46.49363655245589
23-03-2025,34.05988654995857,6.300895604219253,21.554326747222174,45.45389043592479,22.75085588343158,12.612439022281318,47.632901505798905,27.079753009275,17.488935333171106,33.988868253113885,35.78873582770189
24-03-2025,38.93379564357328,7.108111117705329,49.791962514433166,4.293547920033652,21.11962994570684,46.38035586037962,35.36437013851998,12.355367947104916,19.32783430422783,1.5540359235233892,43.04119251697827
25-03-2025,13.305849607047387,22.207080332186845,9.129076511270002,19.852731457342365,42.50593720217716,38.71081085712771,44.353592468624406,39.6396539474611,12.524359841587806,7.0901311225890105,21.54702713499466
26-03-2025,11.140217181169842,28.32677687142343,10.984676998965297,33.44853005717873,5.095319768830136,26.93395317034225,21.926584566314805,23.594309815675423,40.43669250298102,21.683912558015322,18.415064805735
27-03-2025,48.4145601626876,19.76262832727237,12.840277486660584,14.032003668935333,25.07749248427696,22.004871650395692,26.445147979638563,7.548965683889741,33.9554131463014,4.789028177965365,20.619340540486952
28-03-2025,32.229607278913676,18.744986872294632,22.922762347516052,4.6382568656819,10.072090429214885,43.7811169279771,21.026552035823386,16.852318668118777,46.97422437756828,39.474728953000835,29.562948090330792
29-03-2025,27.038925337316087,17.05009019941145,23.602852498554572,23.81780061470736,34.52690320618899,6.375833927285584,17.641890901993495,29.911340690496964,0.10258336234078014,25.425087010435064,39.286291279189214
30-03-2025,31.045440661097683,48.195656071767665,35.66987571616571,40.9420338904195,19.637579295655293,24.8054181663379,33.63171767913656,43.366576704268084,35.26194290268103,41.79968964349804,47.74723498078989
31-03-2025,45.96077047707792,38.37720238433553,0.1566207040008316,35.99238090559616,29.711792962017963,39.786809605053634,49.621544456279636,13.27376360181577,1.3897523048209126,13.237504493906743,46.2757226177458
01-04-2025,41.21028507142802,10.59842411244819,33.716025454107026,17.296553775157307,32.81654180447517,6.163267140964712,45.34709877383393,0.9704512827693024,41.74642795918539,36.38130412428065,44.80421025470173
02-04-2025,23.6169598463673,36.282652673144064,26.96287133725607,40.12882769112203,0.17676116005729825,47.12382088565935,24.48712579702505,0.9650362238668164,39.2610593559851,40.284590191345686,40.125743922200954
03-04-2025,49.18381053481538,28.725599430009,4.89375394873729,9.923129926281437,8.888516871815872,40.53400725532257,24.820610888905332,23.648699831735954,42.74454919765925,13.620692304278293,23.83169079636244
04-04-2025,30.497646658161457,19.86728522060438,0.2010434034019959,37.154650676198536,40.5741385262126,33.041011311182814,40.65301707072212,3.508256066449894,41.22220351539989,34.97636818446813,37.79735242125845
05-04-2025,31.521847446379475,19.451668297887803,35.71841872015252,48.44055252839138,40.5741385262126,45.83384143862326,35.72164553130295,32.195864655638424,12.158379817484095,19.935533460124343,49.977663516932104
06-04-2025,32.54604823459749,36.54120748684523,36.041105897614536,20.745724419742174,,43.69865968529964,0.7150442180798355,2.7401906099576436,3.561905808320814,47.48325661087478,34.10437828485737
07-04-2025,46.60898838509883,45.25178700943301,49.44596845548272,40.4860163670427,11.426242703369343,29.85203690878065,32.375189705485596,37.76433428093562,25.58509574733126,13.163312047249576,11.9518652580699
08-04-2025,43.165736955399666,16.52133842239314,18.411281426178093,0.5110978421927315,11.426242703369343,43.092043333165584,44.73901021512505,17.5647792999776,41.29390205574032,34.25411510190192,14.711682606626425
09-04-2025,15.356827449429044,35.78517294300427,34.490689922749844,33.940666559060475,22.911302573086516,2.912995691420944,25.715482404347107,34.61121898276879,20.660317844801913,15.018285487348122,15.941681218845755
10-04-2025,33.26649659073144,35.78517294300427,2.3347634672199247,5.661142310616851,31.116557819249902,38.80408147124906,32.30872913377693,25.952312328724936,20.755025079579987,43.81846749089917,4.513671511966772
11-04-2025,46.35856375037184,24.259976368890833,21.30621165975165,38.20974791608987,49.48619551232266,29.56817284244078,21.802716342203638,35.07843581334056,25.07433443965313,26.13514234790844,49.69610920012843
12-04-2025,9.36118185153082,24.259976368890833,19.694374957365252,26.0202047354687,37.95553492226457,31.92226995054657,12.000181737336902,32.84906744074799,8.722606929551313,3.3624213965641303,32.67360278588686
13-04-2025,16.757314255205685,15.6674539969612,48.79394644445878,19.01321711673875,39.18052654348834,44.821600807519154,29.43646392661863,5.323357521385091,19.038356654712523,43.415062630060255,44.351840824892285
14-04-2025,14.325315370458448,18.183120172450174,36.2755635588214,24.526849715931952,43.110830170997,42.731999466760456,42.171792588997356,5.519080797793202,15.704538778512811,41.65264440918374,18.33193927007662
15-04-2025,26.49547153975245,34.52064078284217,44.43502139877369,9.5399278207155,29.55791452723327,44.54729863433247,24.935499970200013,15.14489673718624,1.4469797997558875,47.28080783486609,42.88294234910013
16-04-2025,38.649871994100984,31.991960516414558,36.52703621210531,14.715126577007858,6.679112106005808,16.878386340107483,7.699207351402676,24.770712676579272,42.28427054929939,11.907756360768957,3.6461412222434264
17-04-2025,42.02761052210472,10.061254850292562,9.473731324500022,41.75320180954647,23.74635838557172,22.547016175580158,11.626691681439226,34.08517772429695,28.006890283036274,43.630233560650325,12.583560298959762
18-04-2025,45.21692411246257,0.5231772058186368,32.026898131372405,24.9626352846093,19.764954727174143,38.37369951915238,15.554176011475784,14.550577453522612,2.764276184096781,27.800709612757835,48.70711255216823
19-04-2025,27.121995043530045,28.44622870619393,1.5041346523039845,9.280818096105403,10.558486367891561,7.416914551095139,27.926735347594406,47.36451843891408,5.058510079542355,24.398970495164086,40.83481606114017
20-04-2025,9.027065974597514,12.242379171314871,6.586933223894564,11.711180541018052,24.271930961145493,36.96746994738709,46.44055386172976,38.146697602635705,31.13675577631641,20.997231377570337,49.624438090785084
21-04-2025,43.377456262943944,31.54790235745114,0.5380894477383713,43.33559534921077,2.7835606218690137,29.05092361334721,14.70927499155102,21.90433259664327,1.7426335431764473,31.994740932756116,17.42018822229527
22-04-2025,47.752447968861816,8.055600803849504,23.755114502719138,15.01402735170127,43.75978944013608,21.697276105310525,28.594865624120363,10.498942976569104,41.82773218091268,19.72259739428987,14.143498653796232
23-04-2025,34.861318512269186,14.19300808762447,11.096042840169018,25.334430815165238,38.14501847662785,41.327445947715006,3.800833103546042,36.945153703314595,26.657357708072933,16.352043008719463,22.2388889185892
24-04-2025,6.389995375672402,27.875578218496454,11.606794601328929,12.885427014230128,42.97847303802607,33.77184494084516,33.09780235901981,35.6152985096422,2.8211056807361192,36.38433310943011,39.96026268460914
25-04-2025,44.752584571644384,4.057769078625972,1.3681768531050575,22.65168124247698,31.20056085381809,41.748892142252494,13.851915554996747,5.072547465141591,29.32923318033292,48.76348608268034,4.602309229152629
26-04-2025,39.337405505263916,38.40494968340515,48.92240645304983,33.541111482630534,23.047239758869374,27.367927814859005,37.460412846957915,6.841676444559392,33.49163266285445,41.71795547263277,41.70554330780289
27-04-2025,38.935490212685714,42.491745149589754,29.177010813042614,35.05504770068902,8.238309369236568,27.594348170852445,27.21316772878985,49.562175049166996,15.322691845107178,16.727075455944146,16.965018145372053
28-04-2025,38.38484662404811,44.64139946835873,21.124127422694745,36.56898391874749,20.00363727798255,36.75834763513446,14.172429131039744,23.715093403964726,5.762485696247577,49.785469015714995,27.78006852682274
29-04-2025,31.808599111262385,42.75964460886702,23.07980412507294,19.75019509214622,8.668341441590377,47.16104402630648,23.153788336456998,31.162122136948383,26.58444781156942,27.308632683417024,17.972599085932213
30-04-2025,39.094057741861036,7.167684142784964,4.993335217152062,8.917029228738372,35.629500612642794,10.521358855494567,8.9016816546372,18.93497138246995,0.27084601089042426,18.440275707995298,45.001394424316224
01-05-2025,22.76579034573966,36.65819053968535,21.80009239364193,6.445888920293369,39.01841519511002,36.20825102362485,39.784307035205636,49.61504016313668,2.8137613657212457,25.03892039039223,7.911125987043888
02-05-2025,17.20637734823717,6.926158717967179,10.98911668709705,33.29777641505701,40.78400115786788,42.87420253565843,31.9717879764769,48.25530090158149,29.628423158133426,46.25397383714955,20.77170197841506
03-05-2025,39.06340703775766,18.258720541068385,36.69528606541984,10.012360652331342,34.187042015320365,23.83291578969921,22.632673678372523,7.641747812094829,12.177934212901587,20.603479072880354,11.201351454725488
04-05-2025,33.18046217442056,9.78530841582988,41.10948662672361,25.61217795005859,20.542082471472256,34.43792186988402,15.38577777477097,44.45754656085233,3.864906346822794,36.417641488920964,23.614667526543215
05-05-2025,26.406972392891326,45.37232088739614,48.574707183109716,32.53254791127376,2.2390902786251,46.11981546958969,37.07536609139171,49.16933236092317,18.935954036767498,17.45028596463747,40.23702942430788
06-05-2025,16.537856720133053,14.68608819570022,11.107949789483646,12.7739181156952,9.24627056966244,1.0006201415114713,27.740899486608683,32.60493839828544,29.879245001724282,26.920496043869363,24.870432572821088
07-05-2025,24.129654728333804,12.343944486769365,31.913348752984046,0.05228534815728825,48.53300451287432,27.49615476630489,13.676702869375285,18.942348027012773,19.6409580158158,25.532203953921805,33.766622177536334
08-05-2025,12.594009483209812,43.08074854134973,30.17999176704132,12.722397062971435,15.290513999538707,7.953036994669461,38.61238500162148,42.724582336343865,6.614045481740111,6.4654217317637706,41.63916322606696
09-05-2025,45.63608177200306,42.56813561441185,0.7464536046448089,13.79069304020836,6.882727543761696,13.62769251727779,45.06439768056954,42.19860969057658,11.297254878095913,27.590475920924778,9.453777149797965
10-05-2025,6.164154783921849,8.600702466413152,44.720741926406184,14.858989017445262,43.48204666292928,7.2834101171759595,46.073404007282655,33.51331135736439,29.58499971528836,17.3706135685154,17.16499108527009
11-05-2025,30.085653306407938,6.133536803836471,11.453167804835951,37.24410338703657,30.729587757864135,0.9391277170741286,45.12060115355247,29.59769464928796,9.267358026897805,48.3316342279253,40.45769685007673
12-05-2025,48.17802907025217,44.72398327826214,41.11998091060668,26.118902037472004,0.8158376248421195,2.9913635794087066,29.29773089992213,46.636707578366035,3.19193933803521,36.672302194851255,25.95178597595439
13-05-2025,30.067458652197388,34.34264665095373,10.720875814141273,45.62088112969913,41.95508224177755,15.454972035460429,48.65814189121084,44.7805175700898,34.39400803132548,49.43047765381586,38.61476896963755
14-05-2025,28.32191130788403,31.757990027382693,31.84166853409547,45.73110623769254,42.334135263067644,17.33069821928102,5.575672202126814,39.91835242974417,40.538234451876605,47.84179720187878,39.61732548011226
15-05-2025,33.08406262539682,18.402291593964833,2.6851417066965144,19.45252983955083,41.05873954282634,40.92486188991973,6.800393527994625,16.823148664223737,46.682460872427725,46.25311674994168,6.3616154609416276
16-05-2025,29.951563884981034,18.7127960844503,9.527052367107498,8.420541240759782,28.91072915809798,43.132320682802714,4.793222399963665,13.756471573722612,7.445831541324449,48.857795754420316,47.816256482533035
17-05-2025,23.80804482656029,2.2052232153258466,1.8432082234995428,46.543983565154555,4.373354681019798,16.23524572807985,8.996630063354694,15.325494126587035,9.826702832507229,1.9043374807520386,15.976488717061649
18-05-2025,36.34793939627555,37.14267194494049,22.416941585167727,35.040422110700916,21.6144869112717,8.381115115324578,41.6907164885697,16.89451667945145,0.13606231030588445,31.01798790598849,45.293859517089544
19-05-2025,43.72663715120218,46.997143293892606,5.029930861776599,13.901610043540307,10.056460954358359,43.837150119196146,0.1297019065113425,23.46100381587978,32.71428853523255,3.5486876238900122,34.39802861871758
20-05-2025,38.80802956867762,30.320091838267622,18.815980244159846,29.123849969996318,21.599326542452125,13.63527402383678,39.18124446532216,46.59282280496539,15.357632795762333,4.805924768019826,48.97423298671829
21-05-2025,12.169769406881874,13.590887103225185,15.797321089196375,21.753213250005306,27.214370136573507,17.097504244166288,7.346913076644007,26.247826533541012,44.93341242038619,11.911084399727262,7.827664638253595
22-05-2025,19.985452870642085,28.732773815573292,39.062668901315156,13.371139511736319,0.13708963223156845,5.540109251489556,20.444998211038406,48.60116713959875,8.114588221947322,8.431148253904103,32.77543129216124
23-05-2025,16.657091689781474,37.47533241629859,19.745623061093397,4.989065773467316,3.235996040896194,12.157211250011368,17.970349901942974,37.65684290441539,19.075208544072602,18.358127761284255,39.14874240009042
24-05-2025,27.53752297341348,33.25588108456103,25.677219116211013,49.54884706956238,47.50132383796426,46.49090587497525,10.92506392554583,29.571970338461462,32.33425116618876,16.720529233435204,18.818427521686136
25-05-2025,15.397349897061503,27.07144811166619,48.730672118930976,40.6556559425471,35.216792254506046,24.825255208675408,42.99855635635023,21.614697066386597,49.3200508228018,16.957253768062497,8.676655372399356
26-05-2025,11.729857096680002,24.09333069501694,41.38667455833682,45.4574313432646,21.532943228577057,24.94539092220271,0.44426875773277974,3.7323765375387676,38.83445292439888,47.099539550664836,18.24696630977366
27-05-2025,47.85231803462804,41.37631638792325,29.76160517340744,15.814508729558929,12.361797719722706,28.993524126476057,40.31269164874098,38.22382066824876,3.749351231329995,38.79131206989063,18.127685497270278
28-05-2025,8.444298991867495,23.83912384349438,2.409442899885189,9.922427631593283,3.9026716836447206,42.38329019279457,10.367361345442822,40.26323590586833,18.656126061098604,28.80292013740605,33.297119931761934
29-05-2025,8.947764761252069,0.794841001451696,29.086348016886653,27.171036207772893,14.327593592256383,49.57985753980763,20.61842789423029,26.846744764389737,4.538208602607085,15.986383448693726,20.081149217177902
30-05-2025,39.98785990261426,13.165527254158176,29.086348016886653,28.821254707488354,18.168127204272842,28.92785907538082,24.940057025041877,24.474056580351274,46.648859370012445,2.6529639363217115,23.634816671583657
31-05-2025,6.138821689759327,40.874368415073334,46.72866119578152,25.778264666275835,28.21211319959489,13.576689651931678,0.08431715624418468,21.290293143826243,5.177172765519483,44.0030159233722,27.71767791473606
01-06-2025,32.06869886063671,4.789125104754138,46.72866119578152,23.923548187479792,47.0362679585147,37.98299026246627,37.31087591563839,9.435415061682411,9.582965118151149,33.70177070379957,5.261503078183555
02-06-2025,36.34200959563682,21.739568055405268,9.049672564200101,34.392661719101234,5.637819255525656,49.7906549037436,24.17090948794331,1.4371459073587,13.677572669003347,9.256850331293332,9.799322233072537
03-06-2025,43.937474767104085,9.32865973634679,17.951070108076994,16.298643547762442,15.66470736063193,8.68561202493604,18.758499499514176,0.8899128428894731,25.388075128499494,6.375999134887148,17.84980377949156
04-06-2025,39.520872386252485,19.579759439784745,29.138089803739227,19.211135448320285,40.02985346945632,40.93773868029136,33.13595457864966,15.997506783160414,14.732682615346377,3.4951479384809634,10.706002615029892
05-06-2025,32.538648923517265,29.830859143222753,0.5034447385393159,22.123627348878106,3.9317499791571118,26.148671865703804,22.684917606559864,38.382863152240624,48.072129531741545,34.74277843194608,14.422234098085385
06-06-2025,23.885213644321475,6.306147533935624,10.508016133294056,5.381512869290223,33.916865483253886,11.359605051116251,27.059798956028587,23.709492543040195,14.902572361254235,3.030496035010727,45.300157298801565
07-06-2025,13.439446202235056,20.54109580308784,11.196585052406515,10.124628179502098,6.426655149693356,45.99069632310282,35.05197290580654,29.507681508701072,49.191463556325246,11.872229790910415,31.153542986389315
08-06-2025,32.48981555586348,22.98397808681123,38.840153122525344,36.08282685019905,9.92417298935112,8.362862515013797,8.429583482071024,20.34284392548178,21.963063950156446,40.533057272550565,2.009397995450529
09-06-2025,22.85313186949834,29.161679864576772,43.95573225859454,33.29771558924736,11.922322571071941,18.72479255782022,21.56387237183264,32.29374161096716,13.096346872322135,43.75297727148563,47.114645676725395
10-06-2025,13.216448183133206,16.27500496337508,18.596297158559555,45.66407574787144,35.839039078697496,47.27508241530222,34.69816126159424,20.75578221277102,12.841435675753798,0.9405242756985566,45.44233402416007
11-06-2025,13.185292547456429,20.631146532617763,4.376500062430461,9.8964522011191,35.865137784469034,14.298334287091357,31.88120754995095,9.21782281457486,48.14271760060287,32.45219566565598,17.156617343467317
12-06-2025,11.536657751713719,15.886000251753607,3.190815175173989,26.198429103514,18.69256176528962,1.9822789908632232,21.956318647379675,24.761037200120967,38.292763422491504,38.30714396561814,13.575706301236806
13-06-2025,7.518457529945471,34.35350090738755,10.614780565438291,21.324826542671982,31.718501890567524,22.711454601879694,26.838799693583848,40.30425158566705,27.683965978587665,23.333778744919865,9.512175964239372
14-06-2025,1.35961851766066,10.536931994119342,35.94204759763796,30.701336528778615,38.60226619796667,3.5440768720828797,29.648916407071805,1.8025580827545795,36.97877617366861,25.659218644898413,16.521216414388267
15-06-2025,46.11850911206047,24.689761813490346,24.76103742026872,45.98615294295682,23.4008815999389,43.677964803438805,12.177947582238035,24.066878441956618,7.273497804589346,2.973527092849676,13.032044675523657
16-06-2025,35.172947217323966,15.176922369221735,7.65194059439625,39.10371542190165,21.095473313828204,32.3591764352142,41.358969622469736,19.284176870481147,9.229699051764268,8.31472798521682,29.542758130705614
17-06-2025,36.85652374803193,1.1727294707529146,37.34109060775702,6.227560126734671,38.39160470599053,4.191474127954015,17.268988978544687,1.6195593557412735,35.65703509667899,14.627646758468382,23.897561273662316
18-06-2025,28.632997684473192,30.226328358715676,26.905895338065655,42.89130535438821,47.09966277291894,47.82048881157444,24.31407613340536,49.79086676601771,24.987217180332618,25.2143622191928,48.9312763133074
19-06-2025,24.894729960547462,12.528944986761987,16.470700068374285,24.741978362181662,7.646530759920688,38.78239146400979,32.67340951392062,24.08880940085648,13.455192835749157,18.244395656712154,27.972502850162723
20-06-2025,20.66874559586745,41.25307723959476,40.23547638278797,42.69082544942208,38.51777376893845,29.744294116445154,49.85511680966804,2.08796810127988,39.51210837614075,47.12450520305827,18.383609325194826
21-06-2025,21.504351766019713,17.0677949152967,13.672451576033845,40.80455546914597,42.71660385715492,39.58268026803877,32.69562012055067,23.631114364367278,43.539057940879594,12.304837237564387,17.094813942600815
22-06-2025,31.291717331004477,47.794282435235466,30.633622650094487,24.338074948773265,34.45165516503271,5.713149908603516,37.711074105550075,13.801263608477266,24.457591818402975,31.211552389008418,21.66850600531533
23-06-2025,43.81847976268854,2.566162235332542,33.8516834845108,34.331434398497436,48.68502364756156,11.993120132438275,16.67613352056832,43.59326619141249,11.178351341737985,49.32303191978807,4.5363789292813035
24-06-2025,5.31454065569667,7.7611310893047065,18.516909409992742,44.32479384822158,26.564387254148038,18.27309035627305,31.081868066505297,19.542360476415904,4.7348786253389505,37.006690674215086,47.37216364288901
25-06-2025,1.8368387186663393,34.978644560361985,25.614736502033246,37.40610500958418,43.42559286846755,30.660546534564382,2.9487908487026147,31.44500044270582,10.922072111746589,9.428576475649303,39.66536201803395
26-06-2025,24.699412287308093,47.57581493156378,35.6724752190225,17.197665973219628,24.241561834538324,21.5801809794584,22.180715708002303,2.1428406509958697,27.094433552350456,37.47028376987677,39.586561118742544
27-06-2025,0.02730768971437314,39.448192119111596,3.9401682403248763,25.81155447800394,1.4820960373265524,24.18990534434961,40.458592524829214,29.501739726750397,49.02545949618461,34.785558305639,11.377802905928524
28-06-2025,39.522421262808386,31.32056930665947,43.99370209872704,3.8804163113909826,14.099873502072915,22.680549180779774,25.157510869914812,33.42419271775876,22.061678889324682,15.930459814564369,29.69510276775532
29-06-2025,27.80536025433646,14.809193510505247,35.61366372939521,7.954691662724628,26.717650966819278,6.841497454543532,28.654968903580663,7.458255959652566,17.41013530568951,11.76467190944328,48.01240262958214
30-06-2025,10.48571314253977,17.19346924787596,44.5592575479104,5.607798439020301,36.75268308737188,16.69133045279347,1.854877393509935,26.86118966013405,0.5838280106845117,39.430346320687825,17.623105490438125
01-07-2025,30.36449967510661,43.53877299819775,15.657662981177772,0.8104010307880605,25.291555540914505,43.49404127207798,5.2944862012400336,7.49192629721252,4.3973746524122,28.350455196656903,24.54066867903698
02-07-2025,27.38842250441264,8.158781445342639,22.03893135853908,42.511360613804754,34.7587207397619,48.983594357502284,20.695613002187237,7.69534273643861,27.794717514509877,5.092460637412638,11.256795143037573
03-07-2025,6.791468412428342,9.032995759476464,35.201838199406936,36.07467210878898,43.33002400884164,17.519435591020127,44.6404800907384,40.66059901464833,20.925459918394797,32.962739106950586,31.882536243865534
04-07-2025,30.9839126079533,30.463195904718667,14.2920709050331,17.905353273733155,9.487134930363911,6.002599320364155,15.990383964422394,23.095901873198017,8.994197963938072,39.250238875824095,2.387201555153484
05-07-2025,8.27163423091794,34.1307152368438,3.889905391201437,6.196466794014538,24.3163686606425,14.64749578581091,10.647076340009376,45.61080574424966,17.714973326695606,45.5377386446976,19.754561618204104
06-07-2025,27.775551008832032,18.894658415962144,35.124575983210995,24.155799335530993,43.40985985961558,22.2951955854491,48.83221867598627,41.92345099101486,7.964123709462356,35.737609654028105,14.598199898257056
07-07-2025,43.763863410861866,19.45329564314887,48.6152102379695,8.227751588594245,45.99787894439485,0.2689855529373675,15.276240305445244,38.95888270741444,24.448523367323723,31.450267729918117,9.441838178310036
08-07-2025,22.399849753761675,8.254591523359533,38.208593745195664,14.002438296014397,43.6397019655957,44.02179029945816,22.021140766906495,48.718521016536506,40.93292302518506,15.168291853742483,21.911709035274175
09-07-2025,2.4519414526390557,19.84961076353796,16.59227273383251,0.5817361152217648,24.429281122566497,47.80946975050684,44.31826711214498,2.6935981949410714,3.7650593204861194,19.571559741507706,32.69859924375725
10-07-2025,3.5187143039746847,47.21025791107748,0.02291442457202364,36.65033945963472,0.20828947044097545,4.665673673369869,21.497605124949125,41.34362961651947,2.325265015899106,11.797191505682909,4.683743712631921
11-07-2025,31.89766017328791,17.133019031269132,47.64813080390832,32.76073094569303,14.4423873648362,37.46627204582593,20.044634628539594,45.163984555959416,0.8854707113120641,6.791030503801415,22.99602782654852
12-07-2025,14.271647144319195,16.48148071253467,31.86282254480735,28.871122431751317,46.967037194034624,23.512355864603407,33.63638956817569,40.64550021484347,27.644522031499775,8.117577796075164,41.308311940465146
13-07-2025,27.599352834864494,18.241098862575093,7.320627546792852,18.429197383347944,43.232471974814196,29.346955240768267,20.04483956082428,32.17408339835687,30.52181209558924,9.444125088348915,43.8115525673264
14-07-2025,27.03724293186004,29.035493908484746,32.71324608121805,44.75363538910566,27.18251983524483,15.410067408225824,1.4429230644001312,39.537088153956304,20.90312858468235,34.82753703671446,43.124979783943004
15-07-2025,47.76355953049761,18.348445880701625,25.827936275139546,25.654220055799083,14.933704027789185,48.68554717291112,36.11171842962791,25.37375617277181,34.541597034192236,27.499977805067566,35.92779792858335
16-07-2025,5.61696591135944,25.262496393031554,32.256868970389746,12.662387414403382,26.967719979435913,2.2410394756420815,46.91256787479524,11.210424191587286,1.3401355367068546,36.396175276782884,0.960719311917474
17-07-2025,16.130022078616197,24.729395376602646,32.18351487806672,12.946016800313902,10.652642956785153,2.172684271180886,41.820473212570775,7.696720469028534,43.85634670798236,24.766233839623354,40.77422925502994
18-07-2025,38.52663163558727,26.47422322337489,27.920229753893604,32.237874392050124,19.22818815849366,14.636916484279212,8.068310245624788,18.980247634178358,41.582004536437026,33.24859281186247,16.014296760908103
19-07-2025,13.255787942932484,14.685810483878004,13.585454640208583,46.10960459689459,10.064158137645435,17.126503260839883,36.95231036694925,30.263774799328154,42.611788824609675,39.91778799472761,34.56231040162587
20-07-2025,38.54620281992819,10.35431597792834,40.89519370723805,21.569033498643968,16.955186580122096,27.923641227170254,34.992038784830044,29.899042585009816,41.35581962892768,38.31135957935475,3.0315571182204626
21-07-2025,7.968257961021708,14.66971554795835,15.494759257011998,32.25450863527704,2.0328902973148155,38.68459315618302,0.8518606240810356,18.79548016482573,4.4765159325431565,40.960945705249266,7.799233567791719
22-07-2025,30.616499859822177,32.44161172615592,22.865455917380423,0.9114208544547198,37.18662616435912,48.70446859963721,33.52540708338548,32.47927106694151,10.514178669600383,29.474864972853602,23.851143072835168
23-07-2025,18.577079973017824,8.099027748421323,49.0022802528369,29.89516922914212,34.70938922341189,43.36725034244318,11.841922490920515,31.648597051178673,28.47669671154752,34.86452128942118,16.03415703628753
24-07-2025,16.028318858251257,49.71337128987473,18.95370473543927,9.193463805779428,32.23215228246466,13.414682907507892,48.30918356817866,37.082685144319186,46.439214753494625,46.82133570294438,17.841883014737515
25-07-2025,41.88649901625145,15.67567100287912,33.47024263018774,12.783682767192762,24.121062265686906,22.04689409357031,42.29919679174628,33.884381233124664,27.011337338184795,4.915884271154142,19.649608993187528
26-07-2025,14.572183704326363,35.107645154068386,26.141480595382184,31.275937965245692,32.59301358084207,30.67910527963274,5.353975967512814,37.10693964401471,44.19483623960016,28.860836360481667,35.4323745538316
27-07-2025,25.37829763466421,30.47056712634943,13.504637497557773,18.858781264261992,22.690562188218248,37.46659611338032,1.679075412832004,7.7793521939618415,23.482796018927587,8.967393607467578,35.53255641042128
28-07-2025,21.633839971852264,37.84688312547594,0.8677943997333626,18.949287688917018,4.787250599214666,22.196430601146076,7.636497558117555,7.021760640144429,26.44840068310559,44.33082088119043,42.2397603356722
29-07-2025,31.73086578223664,31.315825737850577,14.399397137766623,16.126735047778563,35.060760088893495,32.23470267556413,28.51426799865951,6.264169086326987,34.52964888178056,15.98308810933528,3.6583770844322903
30-07-2025,41.827891592621,16.17781536673439,27.930999875799884,27.63189757844955,47.93272820653287,11.58103735087941,17.121304172483743,15.90812060915827,1.6368439127793066,49.29604624871503,15.230127629386613
31-07-2025,34.00593527014091,19.826030390698758,36.57754487026492,1.4551071288534445,2.952265505767876,22.35959768603932,30.079589812708463,14.452716602297123,19.578484081249307,40.96428328381752,10.26380177593918
01-08-2025,26.183978947660812,34.348628495858904,33.99412595851165,10.278771096931106,32.23140164690366,2.198939697699859,32.58775808711232,12.792170899755073,16.05575879784911,24.733705798995658,15.766144874704718
02-08-2025,34.48189085664668,19.79438204917373,25.54270649075505,4.169602679591078,37.76919869486951,38.28136147184372,24.023714487433782,48.07214836898583,12.533033514448878,45.52616438713281,47.19025722204282
03-08-2025,33.847964264816405,26.73772619979087,40.6126193576373,19.623941724283274,14.52622019554523,31.24227917632016,45.5531392923264,12.216959894672824,23.461678572876675,16.204988318919405,15.181576260198526
04-08-2025,31.328375292518913,33.68107035040805,48.37832750975593,44.05727648496795,19.15449308903252,21.131102049456135,45.63880143194449,36.62510889544197,36.42841782467981,32.335664937781566,24.9685205884174
05-08-2025,4.477879247743194,33.497905098854424,21.401450528140852,12.657973163886671,8.227333438756995,33.21137609750698,25.96588944265022,10.498811714767758,30.6583358969144,18.12778619819358,47.85482651862501
06-08-2025,10.48669435418344,15.468234256752595,30.007911245367314,44.38926796347159,6.84999508882162,26.517676575482955,2.4796877386025926,15.075311502278238,9.689857569382193,8.363766806713564,19.983340781733222
07-08-2025,6.540867840188847,2.1753451141453715,18.391726775647022,30.50768014759037,28.613489461406022,26.043614730070058,13.264231812936877,25.38115433799575,1.4962112358276158,39.65132690147396,30.01772680123015
08-08-2025,40.734945152059055,6.624199915304041,38.88883587727532,28.67649394956246,0.7364122505283066,27.70932968691367,24.727488497409546,12.13045291600755,24.371877249296688,2.5755411130141628,29.06975222918874
09-08-2025,40.880962348562264,44.645451176686144,44.81524237673354,26.81899356015569,33.94046078067401,16.262330288120992,34.934832516499746,17.071766463091638,5.422830601538109,15.34955331011451,21.550473355460532
10-08-2025,38.50888867843141,32.62838469884472,12.545239278057974,0.9490972521457586,28.206461063329673,10.507157051021371,31.69996205174186,22.013080010175695,36.49367358438455,17.672182783033936,7.471120125915864
11-08-2025,17.437706955743348,20.611318221003334,40.02153460321257,36.610239147121,48.180339325219386,22.75936080393579,0.3733547359889011,35.70856385566717,35.916824852065155,17.23093325792744,39.40856172909765
12-08-2025,0.06524068625593515,15.869701027839927,26.89518909471968,30.105325339149662,34.45624482924801,33.45310159222014,0.4345093276537093,37.5507601917501,18.892984522677576,10.553251868554108,32.76900686761797
13-08-2025,2.9612775205937436,11.109919266271746,1.32147389013349,3.0230800896648313,3.982410454760327,26.305998846968713,20.491186293438734,32.595035188250854,27.63566771883747,35.21807532518954,26.129452006138315
14-08-2025,5.857314354931531,30.496955866344994,0.1399301386653451,44.115699013593826,8.210310859098724,30.415732209606283,21.465684969413555,0.13830699447707762,49.944437009269635,39.230863918015736,18.28239775283717
15-08-2025,36.91981864243268,30.26679579811562,13.661654166014902,13.818319802560325,46.45949808849903,39.484900134622336,22.440183645388363,49.26874481561843,27.717574374112314,46.78493666516659,11.02955139756115
16-08-2025,0.8922829369394758,12.576264236328495,29.305791215241804,42.340988412578035,49.01319277961036,24.482098655812578,16.20058739167473,30.466649484077568,21.679265488998098,48.39771697775524,26.142356479459906
17-08-2025,4.532199729553742,21.101614190526103,6.804467793584118,35.47546348806858,9.787108988736314,15.891947480586555,15.792121606827285,48.4435207729833,15.640956603883854,39.967372497971525,14.145927861077517
18-08-2025,8.172116522167988,6.27133904684713,5.616628094315612,26.407726354525213,13.868433365865984,35.73022948388932,15.383655821979826,32.29182654423402,18.86259088693285,43.434359083518885,45.47678041116704
19-08-2025,5.944485578137387,39.92452397726772,17.560990826937704,29.98568157100518,30.101122679209496,22.633324919010683,16.36094787915426,6.597005998159894,22.08422516998182,10.245894540237677,8.166460418601151
20-08-2025,38.700504048050036,1.0274110885698073,33.37461858746803,3.5408160495699614,46.768788381362235,29.714987562491675,17.33823993632868,45.731060834586366,37.879564822379905,38.46535927424139,6.4711185752984015
21-08-2025,35.2063495992054,34.19173594670958,3.831730567341313,13.376130587456874,28.571792832713218,13.60899867974103,8.583214996477501,34.16560650088668,36.78877691842113,1.9928578404114383,47.20902064036899
22-08-2025,0.9386302882424202,41.22271067543748,15.942824543735457,46.3989870935255,3.664776700417449,11.874089889721496,2.5190143728039347,22.051271319930333,1.0982493010200711,29.469508605804585,11.93325433215755
23-08-2025,42.843761048836434,29.726244494887748,31.88634636648463,19.077874203632145,14.661467130581718,8.938537325623452,26.113050831789327,14.606546901876094,4.883815046704898,36.101770641496465,37.32616475405093
24-08-2025,8.535893483151552,3.6425512030714646,29.819934989270692,12.741861284212769,14.661467130581718,31.80482684416258,16.058639590299084,16.76832158580713,23.40064058998773,14.088401887421131,36.99075756146568
25-08-2025,8.561518346764124,25.968240196626187,28.363268834746336,8.702122740107344,24.657022451468393,5.951954753691757,1.8330167811655806,12.023597677659946,32.02961726562667,18.45613558146688,30.339299079742876
26-08-2025,12.322419112347083,19.730573750518403,31.47444238994636,32.947125498922006,24.657022451468393,31.079834596726368,25.40124070484675,47.42872888702404,41.51000911589603,31.977626986216777,39.27324752672672
27-08-2025,25.635060062783023,20.90355497112662,44.70918780622925,6.63098015912123,29.951498104726547,2.959513788746404,48.96946462852791,34.15044258028803,13.12345361656252,2.4308181320735534,32.51637421511633
28-08-2025,48.536196882998105,26.603517572924122,18.62105730023072,17.21415936929813,3.453433532091843,16.504249655301383,2.25425043477851,23.473539108453306,30.814633511853778,18.11464406985925,18.421307480484383
29-08-2025,29.817346468975607,48.480012029983754,26.54648041023213,27.797338579475028,12.738640968182835,12.844092654939953,3.529012962425421,3.022704080524108,40.181809690469436,15.543342541928645,12.34317505120618
30-08-2025,40.34600826811429,16.205590192965698,12.316856854123404,36.87140401728856,20.1944062516899,11.513290303873664,13.83540466831404,0.18839017853550244,38.88199621265675,25.8084768223572,31.193786236272626
31-08-2025,14.730548307747943,8.270882539343061,2.8996553399357747,42.53390104161128,26.862876134018364,23.706493956363094,17.744809759627735,22.01859436627617,47.20683376158033,32.93764119932294,8.703904148271768
01-09-2025,22.627425134210316,7.8484333593502935,34.20319877494575,17.21756233506262,12.701002507830495,20.417455325681544,33.540213148946215,7.196442960333277,25.401463359181843,23.277164755445185,14.716891864542031
02-09-2025,10.47566599941036,0.5437994081652908,1.1893574303632914,28.95596476372107,27.305676609848074,0.5200602951367206,39.3423376519225,41.17076765145899,33.0728337506691,0.9191504523958616,30.80305361416489
03-09-2025,46.66866761359601,13.200321846179792,40.71208177373363,42.57312785281127,36.141888397905525,44.05169660482095,11.253077819416774,25.363186284424525,19.11280789652521,21.518992458350265,46.88921536378778
04-09-2025,11.467519667669702,13.447250282784657,31.596219375449202,7.69732607540724,20.494337503213362,33.37954386611715,27.67890287106254,15.126420545860059,5.152782042381288,18.76831303321281,29.87391201863998
05-09-2025,37.228228237552585,21.635461739316085,22.480356977164774,46.38575547791442,0.4394978548295403,30.6045970181544,22.793712894416622,41.571229097818474,17.954331853472972,3.5918775502092326,43.43941887319255
06-09-2025,3.6136840076073096,15.094660869592602,11.044961195756835,22.652473017969253,19.064138021013996,27.829650170191666,1.6084135000551614,45.4661289987931,10.233057260293277,23.075618269739316,26.097504725446967
07-09-2025,13.130469014336533,22.794189876533487,17.03805309120681,21.25165755262075,37.688778187198444,31.927780209323554,24.453341108951253,0.8085910794072726,2.511782667113555,17.441143550382453,40.854010714568936
08-09-2025,22.647254021065734,7.223896436076016,23.03114498665678,15.337241158567972,29.875069711085516,18.608003743276225,39.32216866604582,6.583969434804088,12.60859307714206,43.077720718511586,3.4894434927592366
09-09-2025,22.363553450596953,11.57185358999952,14.636297927735392,31.782799995918317,14.027660583662477,4.591743590587977,16.018221317940657,43.174452824025884,10.78006894244642,40.617052040400594,16.47973705447306
10-09-2025,39.476193714851874,22.168776841158316,5.192238757404616,48.22835883326865,16.541282738235076,0.7887569644888237,37.29002627142762,29.764968647769802,41.52819490038955,35.02723344162676,6.334945168834738
11-09-2025,23.967082436821297,15.69387710862068,23.572695459284404,6.752377806380544,2.4093209838391747,5.938498508028905,39.29000812894859,9.988826617610108,19.549139290584282,30.11968403540794,2.8516629979711325
12-09-2025,8.4579711587907,10.168604170181627,28.940860366372544,34.426610862217125,18.998385113667222,27.055651985453093,9.571083086689086,36.153973498252874,13.84815988159816,24.12727389268073,14.077706958323683
13-09-2025,40.90613355450367,6.909447726333839,23.776012945624885,24.435963422115925,17.449389304341533,48.1728054628773,13.820731866793851,1.3210911939587344,26.85109318584582,37.37664339889803,8.309033937419574
14-09-2025,14.365780291164466,46.12680320458228,13.80081587966971,41.564741453850985,7.953941277880277,23.408558011421093,18.07038064689861,24.261385330263973,11.152219417484599,9.24578925391144,3.5365713182304415
15-09-2025,4.36764930345851,1.3185312238600921,29.09536962727732,46.22122058152954,10.369093360714965,25.37295409526934,48.073196040679946,21.386906885751067,34.91686116049694,16.857348667801197,3.668108798054864
16-09-2025,43.432531375411685,46.64278097398207,47.230498185596495,13.513419760848782,47.33031075632553,14.60779672208305,49.77969986354641,31.11938847605985,20.266913774953,46.88016712030303,42.26051551152399
17-09-2025,9.342090466927527,31.48644356536877,5.519892593005138,15.274795100222427,15.831320584349285,6.8442817024378435,3.899575950138007,2.7053993049975524,25.83985197292156,17.78950843016417,47.63037330802408
18-09-2025,40.64320482059182,28.52788368623259,35.27569448225981,49.39119552889551,42.65399505521007,8.217228739761207,33.316588453801906,11.228970851871939,44.06091284605181,4.412134781244875,30.954445317497985
19-09-2025,26.987369465240736,43.08671368561349,43.80090358675367,35.79490530957314,26.267021261693113,44.07824290591027,0.44150826906669827,19.752542398746296,30.345668178891874,32.10210990795355,29.092853439613048
20-09-2025,41.04824679536809,15.824898148313126,44.837408198757736,24.9830382521881,41.25373740182332,26.579098284948806,28.550404508391676,15.995882387060762,16.630423511731912,19.542418897093437,48.4137505069734
21-09-2025,8.749857329797027,2.601790654803582,33.30202111620366,43.27309782019277,17.00329068939899,7.43476075276428,16.95756648961348,47.04456889995544,31.68061201821043,6.98272788623332,36.901451644078
22-09-2025,0.07024491527370946,27.799289447908965,32.411145555795315,20.54134513884376,26.3896056818577,10.540546710366261,45.86733414924852,0.5215794716204425,22.861202683258746,12.852426521052951,43.75693790516194
23-09-2025,33.31745447944603,36.59299733070382,13.04087646632936,41.99340851146065,24.87827004010396,34.659005398854944,21.551753094589976,25.21554840753726,14.041793348307035,15.508116674000155,34.17172435560498
24-09-2025,30.270139485726073,42.60131918308489,23.435698238712565,16.75235941719465,41.4466857347758,45.276168464695196,20.13262929791161,5.463359244016392,18.832011214198225,39.118886904478885,49.81022743119762
25-09-2025,49.902237981632375,48.609641035466005,30.851689308647444,2.9405832724083867,0.720739127819886,26.353324609874544,29.05177988248101,5.728593556344625,1.8778235960719147,2.289422908021205,46.47280102528873
26-09-2025,46.63891823122981,37.51397710095848,29.790383335327714,15.452020359671481,49.24987830507166,5.434184379401858,37.970930467050415,31.16370605645279,31.825968561847368,6.250847157880762,40.85496625684785
27-09-2025,44.39898452034676,21.421843534370637,13.018586546903204,18.65572669921246,48.52262553816335,38.58799645807019,38.96391736503538,22.397639530766288,13.761102703924639,11.33730232400827,13.648624523978404
28-09-2025,22.03468265920573,41.69739527514247,19.522415397499042,34.804780613528855,41.325796743841764,38.933512695812134,29.161645284534764,2.4235962120477685,2.488544187122599,3.225091057416263,46.466103529514726
29-09-2025,27.79119099199959,23.6401305873416,7.466003127528803,30.544260000804208,30.622971747606737,25.10380901761595,29.588159598227577,46.47713630151015,18.728364846966763,23.463821760552396,40.63302746229274
30-09-2025,36.87088494985009,5.582865899540773,46.088114042395354,6.126820359998359,49.900659606200804,16.92859644855294,34.87372413722762,5.635432253613226,7.706188619154436,49.751973535984675,4.933438249404648
